area,apprate,distance,duration
0.40,134.50,18.3,48
0.81,134.50,18.3,48
1.21,134.50,18.3,48
1.62,134.50,18.3,48
2.02,134.50,18.3,48
2.43,134.50,30.5,48
2.83,134.50,30.5,48
3.24,134.50,30.5,48
3.64,134.50,30.5,48
4.05,134.50,30.5,48
4.45,134.50,30.5,48
4.86,134.50,30.5,48
5.26,134.50,30.5,48
5.67,134.50,30.5,48
6.07,134.50,30.5,48
6.47,134.50,30.5,48
6.88,134.50,30.5,48
7.28,134.50,30.5,48
7.69,134.50,30.5,48
8.09,134.50,30.5,48
8.50,134.50,30.5,48
8.90,134.50,30.5,48
9.31,134.50,30.5,48
9.71,134.50,30.5,48
10.12,134.50,30.5,48
10.52,134.50,30.5,48
10.93,134.50,30.5,48
11.33,134.50,30.5,48
11.74,134.50,30.5,48
12.14,134.50,30.5,48
12.55,134.50,30.5,48
12.95,134.50,30.5,48
13.35,134.50,30.5,48
13.76,134.50,30.5,48
14.16,134.50,30.5,48
14.57,134.50,30.5,48
14.97,134.50,30.5,48
15.38,134.50,30.5,48
15.78,134.50,30.5,48
16.19,134.50,30.5,48
0.40,156.92,18.3,48
0.81,156.92,18.3,48
1.21,156.92,18.3,48
1.62,156.92,18.3,48
2.02,156.92,18.3,48
2.43,156.92,30.5,48
2.83,156.92,30.5,48
3.24,156.92,30.5,48
3.64,156.92,30.5,48
4.05,156.92,30.5,48
4.45,156.92,30.5,48
4.86,156.92,30.5,48
5.26,156.92,30.5,48
5.67,156.92,30.5,48
6.07,156.92,30.5,48
6.47,156.92,30.5,48
6.88,156.92,30.5,48
7.28,156.92,30.5,48
7.69,156.92,30.5,48
8.09,156.92,30.5,48
8.50,156.92,30.5,48
8.90,156.92,30.5,48
9.31,156.92,33.5,48
9.71,156.92,33.5,48
10.12,156.92,33.5,48
10.52,156.92,36.6,48
10.93,156.92,36.6,48
11.33,156.92,36.6,48
11.74,156.92,39.6,48
12.14,156.92,39.6,48
12.55,156.92,39.6,48
12.95,156.92,42.7,48
13.35,156.92,42.7,48
13.76,156.92,42.7,48
14.16,156.92,42.7,48
14.57,156.92,45.7,48
14.97,156.92,45.7,48
15.38,156.92,45.7,48
15.78,156.92,45.7,48
16.19,156.92,45.7,48
0.40,179.34,18.3,48
0.81,179.34,18.3,48
1.21,179.34,18.3,48
1.62,179.34,18.3,48
2.02,179.34,18.3,48
2.43,179.34,30.5,48
2.83,179.34,30.5,48
3.24,179.34,30.5,48
3.64,179.34,30.5,48
4.05,179.34,30.5,48
4.45,179.34,30.5,48
4.86,179.34,33.5,48
5.26,179.34,33.5,48
5.67,179.34,33.5,48
6.07,179.34,36.6,48
6.47,179.34,36.6,48
6.88,179.34,39.6,48
7.28,179.34,39.6,48
7.69,179.34,42.7,48
8.09,179.34,42.7,48
8.50,179.34,45.7,48
8.90,179.34,45.7,48
9.31,179.34,48.8,48
9.71,179.34,48.8,48
10.12,179.34,51.8,48
10.52,179.34,51.8,48
10.93,179.34,51.8,48
11.33,179.34,54.9,48
11.74,179.34,54.9,48
12.14,179.34,54.9,48
12.55,179.34,57.9,48
12.95,179.34,57.9,48
13.35,179.34,61.0,48
13.76,179.34,61.0,48
14.16,179.34,61.0,48
14.57,179.34,64.0,48
14.97,179.34,64.0,48
15.38,179.34,64.0,48
15.78,179.34,67.1,48
16.19,179.34,67.1,48
0.40,201.75,18.3,48
0.81,201.75,18.3,48
1.21,201.75,18.3,48
1.62,201.75,18.3,48
2.02,201.75,18.3,48
2.43,201.75,30.5,48
2.83,201.75,30.5,48
3.24,201.75,33.5,48
3.64,201.75,36.6,48
4.05,201.75,36.6,48
4.45,201.75,39.6,48
4.86,201.75,42.7,48
5.26,201.75,45.7,48
5.67,201.75,48.8,48
6.07,201.75,48.8,48
6.47,201.75,51.8,48
6.88,201.75,54.9,48
7.28,201.75,54.9,48
7.69,201.75,57.9,48
8.09,201.75,57.9,48
8.50,201.75,61.0,48
8.90,201.75,61.0,48
9.31,201.75,64.0,48
9.71,201.75,64.0,48
10.12,201.75,67.1,48
10.52,201.75,67.1,48
10.93,201.75,70.1,48
11.33,201.75,73.2,48
11.74,201.75,73.2,48
12.14,201.75,76.2,48
12.55,201.75,76.2,48
12.95,201.75,79.2,48
13.35,201.75,79.2,48
13.76,201.75,82.3,48
14.16,201.75,82.3,48
14.57,201.75,82.3,48
14.97,201.75,85.3,48
15.38,201.75,85.3,48
15.78,201.75,88.4,48
16.19,201.75,88.4,48
0.40,224.17,18.3,48
0.81,224.17,18.3,48
1.21,224.17,18.3,48
1.62,224.17,18.3,48
2.02,224.17,18.3,48
2.43,224.17,36.6,48
2.83,224.17,39.6,48
3.24,224.17,42.7,48
3.64,224.17,45.7,48
4.05,224.17,48.8,48
4.45,224.17,51.8,48
4.86,224.17,54.9,48
5.26,224.17,57.9,48
5.67,224.17,61.0,48
6.07,224.17,64.0,48
6.47,224.17,64.0,48
6.88,224.17,67.1,48
7.28,224.17,70.1,48
7.69,224.17,73.2,48
8.09,224.17,73.2,48
8.50,224.17,76.2,48
8.90,224.17,79.2,48
9.31,224.17,82.3,48
9.71,224.17,82.3,48
10.12,224.17,85.3,48
10.52,224.17,88.4,48
10.93,224.17,88.4,48
11.33,224.17,91.4,48
11.74,224.17,94.5,48
12.14,224.17,94.5,48
12.55,224.17,97.5,48
12.95,224.17,97.5,48
13.35,224.17,100.6,48
13.76,224.17,103.6,48
14.16,224.17,103.6,48
14.57,224.17,106.7,48
14.97,224.17,106.7,48
15.38,224.17,109.7,48
15.78,224.17,109.7,48
16.19,224.17,112.8,48
0.40,246.59,18.3,48
0.81,246.59,18.3,48
1.21,246.59,18.3,48
1.62,246.59,18.3,48
2.02,246.59,18.3,48
2.43,246.59,42.7,48
2.83,246.59,48.8,48
3.24,246.59,54.9,48
3.64,246.59,57.9,48
4.05,246.59,61.0,48
4.45,246.59,64.0,48
4.86,246.59,67.1,48
5.26,246.59,70.1,48
5.67,246.59,73.2,48
6.07,246.59,76.2,48
6.47,246.59,79.2,48
6.88,246.59,82.3,48
7.28,246.59,85.3,48
7.69,246.59,88.4,48
8.09,246.59,91.4,48
8.50,246.59,94.5,48
8.90,246.59,97.5,48
9.31,246.59,100.6,48
9.71,246.59,100.6,48
10.12,246.59,103.6,48
10.52,246.59,106.7,48
10.93,246.59,109.7,48
11.33,246.59,112.8,48
11.74,246.59,112.8,48
12.14,246.59,115.8,48
12.55,246.59,118.9,48
12.95,246.59,121.9,48
13.35,246.59,121.9,48
13.76,246.59,125.0,48
14.16,246.59,128.0,48
14.57,246.59,128.0,48
14.97,246.59,131.1,48
15.38,246.59,134.1,48
15.78,246.59,134.1,48
16.19,246.59,137.2,48
0.40,269.00,18.3,48
0.81,269.00,18.3,48
1.21,269.00,18.3,48
1.62,269.00,18.3,48
2.02,269.00,18.3,48
2.43,269.00,51.8,48
2.83,269.00,57.9,48
3.24,269.00,64.0,48
3.64,269.00,70.1,48
4.05,269.00,73.2,48
4.45,269.00,79.2,48
4.86,269.00,82.3,48
5.26,269.00,85.3,48
5.67,269.00,88.4,48
6.07,269.00,91.4,48
6.47,269.00,94.5,48
6.88,269.00,100.6,48
7.28,269.00,103.6,48
7.69,269.00,106.7,48
8.09,269.00,109.7,48
8.50,269.00,112.8,48
8.90,269.00,115.8,48
9.31,269.00,118.9,48
9.71,269.00,121.9,48
10.12,269.00,125.0,48
10.52,269.00,128.0,48
10.93,269.00,131.1,48
11.33,269.00,134.1,48
11.74,269.00,137.2,48
12.14,269.00,137.2,48
12.55,269.00,140.2,48
12.95,269.00,143.3,48
13.35,269.00,146.3,48
13.76,269.00,149.4,48
14.16,269.00,152.4,48
14.57,269.00,155.4,48
14.97,269.00,155.4,48
15.38,269.00,158.5,48
15.78,269.00,161.5,48
16.19,269.00,164.6,48
0.40,291.42,18.3,48
0.81,291.42,18.3,48
1.21,291.42,18.3,48
1.62,291.42,18.3,48
2.02,291.42,18.3,48
2.43,291.42,64.0,48
2.83,291.42,70.1,48
3.24,291.42,76.2,48
3.64,291.42,82.3,48
4.05,291.42,85.3,48
4.45,291.42,91.4,48
4.86,291.42,94.5,48
5.26,291.42,100.6,48
5.67,291.42,103.6,48
6.07,291.42,106.7,48
6.47,291.42,112.8,48
6.88,291.42,115.8,48
7.28,291.42,118.9,48
7.69,291.42,125.0,48
8.09,291.42,128.0,48
8.50,291.42,131.1,48
8.90,291.42,134.1,48
9.31,291.42,137.2,48
9.71,291.42,143.3,48
10.12,291.42,146.3,48
10.52,291.42,149.4,48
10.93,291.42,152.4,48
11.33,291.42,155.4,48
11.74,291.42,158.5,48
12.14,291.42,161.5,48
12.55,291.42,164.6,48
12.95,291.42,167.6,48
13.35,291.42,170.7,48
13.76,291.42,173.7,48
14.16,291.42,176.8,48
14.57,291.42,179.8,48
14.97,291.42,182.9,48
15.38,291.42,185.9,48
15.78,291.42,189.0,48
16.19,291.42,192.0,48
0.40,313.84,18.3,48
0.81,313.84,18.3,48
1.21,313.84,18.3,48
1.62,313.84,18.3,48
2.02,313.84,18.3,48
2.43,313.84,73.2,48
2.83,313.84,79.2,48
3.24,313.84,85.3,48
3.64,313.84,91.4,48
4.05,313.84,97.5,48
4.45,313.84,103.6,48
4.86,313.84,109.7,48
5.26,313.84,115.8,48
5.67,313.84,118.9,48
6.07,313.84,125.0,48
6.47,313.84,128.0,48
6.88,313.84,134.1,48
7.28,313.84,137.2,48
7.69,313.84,143.3,48
8.09,313.84,146.3,48
8.50,313.84,149.4,48
8.90,313.84,155.4,48
9.31,313.84,158.5,48
9.71,313.84,161.5,48
10.12,313.84,167.6,48
10.52,313.84,170.7,48
10.93,313.84,173.7,48
11.33,313.84,176.8,48
11.74,313.84,182.9,48
12.14,313.84,185.9,48
12.55,313.84,189.0,48
12.95,313.84,192.0,48
13.35,313.84,195.1,48
13.76,313.84,198.1,48
14.16,313.84,201.2,48
14.57,313.84,207.3,48
14.97,313.84,210.3,48
15.38,313.84,213.4,48
15.78,313.84,216.4,48
16.19,313.84,219.5,48
0.40,336.26,18.3,48
0.81,336.26,18.3,48
1.21,336.26,18.3,48
1.62,336.26,18.3,48
2.02,336.26,18.3,48
2.43,336.26,82.3,48
2.83,336.26,91.4,48
3.24,336.26,97.5,48
3.64,336.26,103.6,48
4.05,336.26,112.8,48
4.45,336.26,118.9,48
4.86,336.26,125.0,48
5.26,336.26,131.1,48
5.67,336.26,134.1,48
6.07,336.26,140.2,48
6.47,336.26,146.3,48
6.88,336.26,152.4,48
7.28,336.26,155.4,48
7.69,336.26,161.5,48
8.09,336.26,164.6,48
8.50,336.26,170.7,48
8.90,336.26,173.7,48
9.31,336.26,179.8,48
9.71,336.26,182.9,48
10.12,336.26,189.0,48
10.52,336.26,192.0,48
10.93,336.26,198.1,48
11.33,336.26,201.2,48
11.74,336.26,204.2,48
12.14,336.26,210.3,48
12.55,336.26,213.4,48
12.95,336.26,216.4,48
13.35,336.26,222.5,48
13.76,336.26,225.6,48
14.16,336.26,228.6,48
14.57,336.26,231.6,48
14.97,336.26,234.7,48
15.38,336.26,240.8,48
15.78,336.26,243.8,48
16.19,336.26,246.9,48
0.40,358.67,18.3,48
0.81,358.67,18.3,48
1.21,358.67,18.3,48
1.62,358.67,18.3,48
2.02,358.67,18.3,48
2.43,358.67,94.5,48
2.83,358.67,100.6,48
3.24,358.67,109.7,48
3.64,358.67,115.8,48
4.05,358.67,125.0,48
4.45,358.67,131.1,48
4.86,358.67,137.2,48
5.26,358.67,146.3,48
5.67,358.67,152.4,48
6.07,358.67,158.5,48
6.47,358.67,164.6,48
6.88,358.67,167.6,48
7.28,358.67,173.7,48
7.69,358.67,179.8,48
8.09,358.67,185.9,48
8.50,358.67,189.0,48
8.90,358.67,195.1,48
9.31,358.67,201.2,48
9.71,358.67,204.2,48
10.12,358.67,210.3,48
10.52,358.67,216.4,48
10.93,358.67,219.5,48
11.33,358.67,225.6,48
11.74,358.67,228.6,48
12.14,358.67,234.7,48
12.55,358.67,237.7,48
12.95,358.67,243.8,48
13.35,358.67,246.9,48
13.76,358.67,249.9,48
14.16,358.67,256.0,48
14.57,358.67,259.1,48
14.97,358.67,265.2,48
15.38,358.67,268.2,48
15.78,358.67,271.3,48
16.19,358.67,274.3,48
0.40,381.09,18.3,48
0.81,381.09,18.3,48
1.21,381.09,18.3,48
1.62,381.09,18.3,48
2.02,381.09,18.3,48
2.43,381.09,103.6,48
2.83,381.09,112.8,48
3.24,381.09,121.9,48
3.64,381.09,128.0,48
4.05,381.09,137.2,48
4.45,381.09,146.3,48
4.86,381.09,152.4,48
5.26,381.09,161.5,48
5.67,381.09,167.6,48
6.07,381.09,173.7,48
6.47,381.09,179.8,48
6.88,381.09,185.9,48
7.28,381.09,192.0,48
7.69,381.09,198.1,48
8.09,381.09,204.2,48
8.50,381.09,210.3,48
8.90,381.09,216.4,48
9.31,381.09,222.5,48
9.71,381.09,228.6,48
10.12,381.09,231.6,48
10.52,381.09,237.7,48
10.93,381.09,243.8,48
11.33,381.09,246.9,48
11.74,381.09,253.0,48
12.14,381.09,259.1,48
12.55,381.09,262.1,48
12.95,381.09,268.2,48
13.35,381.09,274.3,48
13.76,381.09,277.4,48
14.16,381.09,283.5,48
14.57,381.09,286.5,48
14.97,381.09,292.6,48
15.38,381.09,295.7,48
15.78,381.09,301.8,48
16.19,381.09,304.8,48
0.40,403.51,18.3,48
0.81,403.51,18.3,48
1.21,403.51,18.3,48
1.62,403.51,18.3,48
2.02,403.51,18.3,48
2.43,403.51,112.8,48
2.83,403.51,125.0,48
3.24,403.51,134.1,48
3.64,403.51,143.3,48
4.05,403.51,152.4,48
4.45,403.51,158.5,48
4.86,403.51,167.6,48
5.26,403.51,176.8,48
5.67,403.51,182.9,48
6.07,403.51,192.0,48
6.47,403.51,198.1,48
6.88,403.51,204.2,48
7.28,403.51,213.4,48
7.69,403.51,219.5,48
8.09,403.51,225.6,48
8.50,403.51,231.6,48
8.90,403.51,237.7,48
9.31,403.51,243.8,48
9.71,403.51,249.9,48
10.12,403.51,256.0,48
10.52,403.51,262.1,48
10.93,403.51,265.2,48
11.33,403.51,271.3,48
11.74,403.51,277.4,48
12.14,403.51,283.5,48
12.55,403.51,289.6,48
12.95,403.51,292.6,48
13.35,403.51,298.7,48
13.76,403.51,304.8,48
14.16,403.51,304.8,48
14.57,403.51,304.8,48
14.97,403.51,304.8,48
15.38,403.51,335.3,48
15.78,403.51,335.3,48
16.19,403.51,335.3,48
0.40,425.92,18.3,48
0.81,425.92,18.3,48
1.21,425.92,18.3,48
1.62,425.92,18.3,48
2.02,425.92,18.3,48
2.43,425.92,125.0,48
2.83,425.92,134.1,48
3.24,425.92,146.3,48
3.64,425.92,155.4,48
4.05,425.92,164.6,48
4.45,425.92,173.7,48
4.86,425.92,182.9,48
5.26,425.92,192.0,48
5.67,425.92,201.2,48
6.07,425.92,207.3,48
6.47,425.92,216.4,48
6.88,425.92,222.5,48
7.28,425.92,231.6,48
7.69,425.92,237.7,48
8.09,425.92,243.8,48
8.50,425.92,249.9,48
8.90,425.92,259.1,48
9.31,425.92,265.2,48
9.71,425.92,271.3,48
10.12,425.92,277.4,48
10.52,425.92,283.5,48
10.93,425.92,289.6,48
11.33,425.92,295.7,48
11.74,425.92,301.8,48
12.14,425.92,304.8,48
12.55,425.92,304.8,48
12.95,425.92,304.8,48
13.35,425.92,335.3,48
13.76,425.92,335.3,48
14.16,425.92,335.3,48
14.57,425.92,335.3,48
14.97,425.92,335.3,48
15.38,425.92,365.8,48
15.78,425.92,365.8,48
16.19,425.92,365.8,48
0.40,448.34,18.3,48
0.81,448.34,18.3,48
1.21,448.34,18.3,48
1.62,448.34,18.3,48
2.02,448.34,18.3,48
2.43,448.34,134.1,48
2.83,448.34,146.3,48
3.24,448.34,155.4,48
3.64,448.34,167.6,48
4.05,448.34,176.8,48
4.45,448.34,189.0,48
4.86,448.34,198.1,48
5.26,448.34,207.3,48
5.67,448.34,216.4,48
6.07,448.34,225.6,48
6.47,448.34,234.7,48
6.88,448.34,240.8,48
7.28,448.34,249.9,48
7.69,448.34,256.0,48
8.09,448.34,265.2,48
8.50,448.34,271.3,48
8.90,448.34,280.4,48
9.31,448.34,286.5,48
9.71,448.34,292.6,48
10.12,448.34,298.7,48
10.52,448.34,304.8,48
10.93,448.34,304.8,48
11.33,448.34,335.3,48
11.74,448.34,335.3,48
12.14,448.34,335.3,48
12.55,448.34,335.3,48
12.95,448.34,335.3,48
13.35,448.34,365.8,48
13.76,448.34,365.8,48
14.16,448.34,365.8,48
14.57,448.34,365.8,48
14.97,448.34,365.8,48
15.38,448.34,396.2,48
15.78,448.34,396.2,48
16.19,448.34,396.2,48
0.40,470.76,18.3,48
0.81,470.76,18.3,48
1.21,470.76,18.3,48
1.62,470.76,18.3,48
2.02,470.76,18.3,48
2.43,470.76,146.3,48
2.83,470.76,158.5,48
3.24,470.76,167.6,48
3.64,470.76,179.8,48
4.05,470.76,192.0,48
4.45,470.76,201.2,48
4.86,470.76,213.4,48
5.26,470.76,222.5,48
5.67,470.76,231.6,48
6.07,470.76,240.8,48
6.47,470.76,249.9,48
6.88,470.76,259.1,48
7.28,470.76,268.2,48
7.69,470.76,277.4,48
8.09,470.76,283.5,48
8.50,470.76,292.6,48
8.90,470.76,298.7,48
9.31,470.76,304.8,48
9.71,470.76,304.8,48
10.12,470.76,335.3,48
10.52,470.76,335.3,48
10.93,470.76,335.3,48
11.33,470.76,335.3,48
11.74,470.76,365.8,48
12.14,470.76,365.8,48
12.55,470.76,365.8,48
12.95,470.76,365.8,48
13.35,470.76,365.8,48
13.76,470.76,396.2,48
14.16,470.76,396.2,48
14.57,470.76,396.2,48
14.97,470.76,396.2,48
15.38,470.76,396.2,48
15.78,470.76,426.7,48
16.19,470.76,426.7,48
0.40,493.17,18.3,48
0.81,493.17,18.3,48
1.21,493.17,18.3,48
1.62,493.17,18.3,48
2.02,493.17,18.3,48
2.43,493.17,155.4,48
2.83,493.17,167.6,48
3.24,493.17,179.8,48
3.64,493.17,192.0,48
4.05,493.17,204.2,48
4.45,493.17,216.4,48
4.86,493.17,228.6,48
5.26,493.17,237.7,48
5.67,493.17,249.9,48
6.07,493.17,259.1,48
6.47,493.17,268.2,48
6.88,493.17,277.4,48
7.28,493.17,286.5,48
7.69,493.17,295.7,48
8.09,493.17,304.8,48
8.50,493.17,304.8,48
8.90,493.17,335.3,48
9.31,493.17,335.3,48
9.71,493.17,335.3,48
10.12,493.17,335.3,48
10.52,493.17,365.8,48
10.93,493.17,365.8,48
11.33,493.17,365.8,48
11.74,493.17,365.8,48
12.14,493.17,396.2,48
12.55,493.17,396.2,48
12.95,493.17,396.2,48
13.35,493.17,396.2,48
13.76,493.17,396.2,48
14.16,493.17,426.7,48
14.57,493.17,426.7,48
14.97,493.17,426.7,48
15.38,493.17,426.7,48
15.78,493.17,457.2,48
16.19,493.17,457.2,48
0.40,515.59,18.3,48
0.81,515.59,18.3,48
1.21,515.59,18.3,48
1.62,515.59,18.3,48
2.02,515.59,18.3,48
2.43,515.59,164.6,48
2.83,515.59,179.8,48
3.24,515.59,192.0,48
3.64,515.59,204.2,48
4.05,515.59,219.5,48
4.45,515.59,231.6,48
4.86,515.59,243.8,48
5.26,515.59,253.0,48
5.67,515.59,265.2,48
6.07,515.59,274.3,48
6.47,515.59,286.5,48
6.88,515.59,295.7,48
7.28,515.59,304.8,48
7.69,515.59,304.8,48
8.09,515.59,335.3,48
8.50,515.59,335.3,48
8.90,515.59,335.3,48
9.31,515.59,335.3,48
9.71,515.59,365.8,48
10.12,515.59,365.8,48
10.52,515.59,365.8,48
10.93,515.59,396.2,48
11.33,515.59,396.2,48
11.74,515.59,396.2,48
12.14,515.59,396.2,48
12.55,515.59,426.7,48
12.95,515.59,426.7,48
13.35,515.59,426.7,48
13.76,515.59,426.7,48
14.16,515.59,457.2,48
14.57,515.59,457.2,48
14.97,515.59,457.2,48
15.38,515.59,457.2,48
15.78,515.59,457.2,48
16.19,515.59,487.7,48
0.40,538.01,18.3,48
0.81,538.01,18.3,48
1.21,538.01,18.3,48
1.62,538.01,18.3,48
2.02,538.01,18.3,48
2.43,538.01,176.8,48
2.83,538.01,189.0,48
3.24,538.01,204.2,48
3.64,538.01,216.4,48
4.05,538.01,231.6,48
4.45,538.01,243.8,48
4.86,538.01,256.0,48
5.26,538.01,268.2,48
5.67,538.01,280.4,48
6.07,538.01,292.6,48
6.47,538.01,301.8,48
6.88,538.01,304.8,48
7.28,538.01,335.3,48
7.69,538.01,335.3,48
8.09,538.01,335.3,48
8.50,538.01,365.8,48
8.90,538.01,365.8,48
9.31,538.01,365.8,48
9.71,538.01,365.8,48
10.12,538.01,396.2,48
10.52,538.01,396.2,48
10.93,538.01,396.2,48
11.33,538.01,426.7,48
11.74,538.01,426.7,48
12.14,538.01,426.7,48
12.55,538.01,426.7,48
12.95,538.01,457.2,48
13.35,538.01,457.2,48
13.76,538.01,457.2,48
14.16,538.01,457.2,48
14.57,538.01,487.7,48
14.97,538.01,487.7,48
15.38,538.01,487.7,48
15.78,538.01,487.7,48
16.19,538.01,518.2,48
0.40,560.43,18.3,48
0.81,560.43,18.3,48
1.21,560.43,18.3,48
1.62,560.43,18.3,48
2.02,560.43,18.3,48
2.43,560.43,185.9,48
2.83,560.43,201.2,48
3.24,560.43,216.4,48
3.64,560.43,231.6,48
4.05,560.43,243.8,48
4.45,560.43,259.1,48
4.86,560.43,271.3,48
5.26,560.43,283.5,48
5.67,560.43,295.7,48
6.07,560.43,304.8,48
6.47,560.43,304.8,48
6.88,560.43,335.3,48
7.28,560.43,335.3,48
7.69,560.43,365.8,48
8.09,560.43,365.8,48
8.50,560.43,365.8,48
8.90,560.43,396.2,48
9.31,560.43,396.2,48
9.71,560.43,396.2,48
10.12,560.43,396.2,48
10.52,560.43,426.7,48
10.93,560.43,426.7,48
11.33,560.43,426.7,48
11.74,560.43,457.2,48
12.14,560.43,457.2,48
12.55,560.43,457.2,48
12.95,560.43,457.2,48
13.35,560.43,487.7,48
13.76,560.43,487.7,48
14.16,560.43,487.7,48
14.57,560.43,518.2,48
14.97,560.43,518.2,48
15.38,560.43,518.2,48
15.78,560.43,518.2,48
16.19,560.43,548.6,48
0.40,582.84,18.3,48
0.81,582.84,18.3,48
1.21,582.84,18.3,48
1.62,582.84,18.3,48
2.02,582.84,18.3,48
2.43,582.84,195.1,48
2.83,582.84,210.3,48
3.24,582.84,228.6,48
3.64,582.84,243.8,48
4.05,582.84,256.0,48
4.45,582.84,271.3,48
4.86,582.84,286.5,48
5.26,582.84,298.7,48
5.67,582.84,304.8,48
6.07,582.84,335.3,48
6.47,582.84,335.3,48
6.88,582.84,335.3,48
7.28,582.84,365.8,48
7.69,582.84,365.8,48
8.09,582.84,365.8,48
8.50,582.84,396.2,48
8.90,582.84,396.2,48
9.31,582.84,426.7,48
9.71,582.84,426.7,48
10.12,582.84,426.7,48
10.52,582.84,426.7,48
10.93,582.84,457.2,48
11.33,582.84,457.2,48
11.74,582.84,457.2,48
12.14,582.84,487.7,48
12.55,582.84,487.7,48
12.95,582.84,487.7,48
13.35,582.84,518.2,48
13.76,582.84,518.2,48
14.16,582.84,518.2,48
14.57,582.84,518.2,48
14.97,582.84,548.6,48
15.38,582.84,548.6,48
15.78,582.84,548.6,48
16.19,582.84,548.6,48
0.40,605.26,18.3,48
0.81,605.26,18.3,48
1.21,605.26,18.3,48
1.62,605.26,18.3,48
2.02,605.26,18.3,48
2.43,605.26,204.2,48
2.83,605.26,222.5,48
3.24,605.26,237.7,48
3.64,605.26,256.0,48
4.05,605.26,271.3,48
4.45,605.26,286.5,48
4.86,605.26,301.8,48
5.26,605.26,304.8,48
5.67,605.26,335.3,48
6.07,605.26,335.3,48
6.47,605.26,365.8,48
6.88,605.26,365.8,48
7.28,605.26,365.8,48
7.69,605.26,396.2,48
8.09,605.26,396.2,48
8.50,605.26,396.2,48
8.90,605.26,426.7,48
9.31,605.26,426.7,48
9.71,605.26,457.2,48
10.12,605.26,457.2,48
10.52,605.26,457.2,48
10.93,605.26,487.7,48
11.33,605.26,487.7,48
11.74,605.26,487.7,48
12.14,605.26,487.7,48
12.55,605.26,518.2,48
12.95,605.26,518.2,48
13.35,605.26,518.2,48
13.76,605.26,548.6,48
14.16,605.26,548.6,48
14.57,605.26,548.6,48
14.97,605.26,579.1,48
15.38,605.26,579.1,48
15.78,605.26,579.1,48
16.19,605.26,579.1,48
0.40,627.68,18.3,48
0.81,627.68,18.3,48
1.21,627.68,18.3,48
1.62,627.68,18.3,48
2.02,627.68,18.3,48
2.43,627.68,213.4,48
2.83,627.68,231.6,48
3.24,627.68,249.9,48
3.64,627.68,265.2,48
4.05,627.68,283.5,48
4.45,627.68,298.7,48
4.86,627.68,304.8,48
5.26,627.68,335.3,48
5.67,627.68,335.3,48
6.07,627.68,365.8,48
6.47,627.68,365.8,48
6.88,627.68,396.2,48
7.28,627.68,396.2,48
7.69,627.68,396.2,48
8.09,627.68,426.7,48
8.50,627.68,426.7,48
8.90,627.68,426.7,48
9.31,627.68,457.2,48
9.71,627.68,457.2,48
10.12,627.68,487.7,48
10.52,627.68,487.7,48
10.93,627.68,487.7,48
11.33,627.68,518.2,48
11.74,627.68,518.2,48
12.14,627.68,518.2,48
12.55,627.68,548.6,48
12.95,627.68,548.6,48
13.35,627.68,548.6,48
13.76,627.68,579.1,48
14.16,627.68,579.1,48
14.57,627.68,579.1,48
14.97,627.68,579.1,48
15.38,627.68,609.6,48
15.78,627.68,609.6,48
16.19,627.68,609.6,48
0.40,650.09,18.3,48
0.81,650.09,18.3,48
1.21,650.09,18.3,48
1.62,650.09,18.3,48
2.02,650.09,18.3,48
2.43,650.09,225.6,48
2.83,650.09,243.8,48
3.24,650.09,262.1,48
3.64,650.09,277.4,48
4.05,650.09,295.7,48
4.45,650.09,304.8,48
4.86,650.09,335.3,48
5.26,650.09,335.3,48
5.67,650.09,365.8,48
6.07,650.09,365.8,48
6.47,650.09,396.2,48
6.88,650.09,396.2,48
7.28,650.09,426.7,48
7.69,650.09,426.7,48
8.09,650.09,426.7,48
8.50,650.09,457.2,48
8.90,650.09,457.2,48
9.31,650.09,457.2,48
9.71,650.09,487.7,48
10.12,650.09,487.7,48
10.52,650.09,518.2,48
10.93,650.09,518.2,48
11.33,650.09,518.2,48
11.74,650.09,548.6,48
12.14,650.09,548.6,48
12.55,650.09,548.6,48
12.95,650.09,579.1,48
13.35,650.09,579.1,48
13.76,650.09,579.1,48
14.16,650.09,609.6,48
14.57,650.09,609.6,48
14.97,650.09,609.6,48
15.38,650.09,640.1,48
15.78,650.09,640.1,48
16.19,650.09,640.1,48
0.40,672.51,18.3,48
0.81,672.51,18.3,48
1.21,672.51,18.3,48
1.62,672.51,18.3,48
2.02,672.51,18.3,48
2.43,672.51,234.7,48
2.83,672.51,253.0,48
3.24,672.51,271.3,48
3.64,672.51,289.6,48
4.05,672.51,304.8,48
4.45,672.51,335.3,48
4.86,672.51,335.3,48
5.26,672.51,365.8,48
5.67,672.51,365.8,48
6.07,672.51,396.2,48
6.47,672.51,396.2,48
6.88,672.51,426.7,48
7.28,672.51,426.7,48
7.69,672.51,426.7,48
8.09,672.51,457.2,48
8.50,672.51,457.2,48
8.90,672.51,487.7,48
9.31,672.51,487.7,48
9.71,672.51,518.2,48
10.12,672.51,518.2,48
10.52,672.51,518.2,48
10.93,672.51,548.6,48
11.33,672.51,548.6,48
11.74,672.51,548.6,48
12.14,672.51,579.1,48
12.55,672.51,579.1,48
12.95,672.51,579.1,48
13.35,672.51,609.6,48
13.76,672.51,609.6,48
14.16,672.51,609.6,48
14.57,672.51,640.1,48
14.97,672.51,640.1,48
15.38,672.51,640.1,48
15.78,672.51,670.6,48
16.19,672.51,670.6,48
0.40,694.93,18.3,48
0.81,694.93,18.3,48
1.21,694.93,18.3,48
1.62,694.93,18.3,48
2.02,694.93,18.3,48
2.43,694.93,243.8,48
2.83,694.93,262.1,48
3.24,694.93,283.5,48
3.64,694.93,301.8,48
4.05,694.93,304.8,48
4.45,694.93,335.3,48
4.86,694.93,365.8,48
5.26,694.93,365.8,48
5.67,694.93,396.2,48
6.07,694.93,396.2,48
6.47,694.93,426.7,48
6.88,694.93,426.7,48
7.28,694.93,457.2,48
7.69,694.93,457.2,48
8.09,694.93,457.2,48
8.50,694.93,487.7,48
8.90,694.93,487.7,48
9.31,694.93,518.2,48
9.71,694.93,518.2,48
10.12,694.93,548.6,48
10.52,694.93,548.6,48
10.93,694.93,548.6,48
11.33,694.93,579.1,48
11.74,694.93,579.1,48
12.14,694.93,579.1,48
12.55,694.93,609.6,48
12.95,694.93,609.6,48
13.35,694.93,640.1,48
13.76,694.93,640.1,48
14.16,694.93,640.1,48
14.57,694.93,670.6,48
14.97,694.93,670.6,48
15.38,694.93,670.6,48
15.78,694.93,701.0,48
16.19,694.93,701.0,48
0.40,717.34,18.3,48
0.81,717.34,18.3,48
1.21,717.34,18.3,48
1.62,717.34,18.3,48
2.02,717.34,18.3,48
2.43,717.34,253.0,48
2.83,717.34,274.3,48
3.24,717.34,292.6,48
3.64,717.34,304.8,48
4.05,717.34,335.3,48
4.45,717.34,365.8,48
4.86,717.34,365.8,48
5.26,717.34,396.2,48
5.67,717.34,396.2,48
6.07,717.34,426.7,48
6.47,717.34,426.7,48
6.88,717.34,457.2,48
7.28,717.34,457.2,48
7.69,717.34,487.7,48
8.09,717.34,487.7,48
8.50,717.34,518.2,48
8.90,717.34,518.2,48
9.31,717.34,518.2,48
9.71,717.34,548.6,48
10.12,717.34,548.6,48
10.52,717.34,579.1,48
10.93,717.34,579.1,48
11.33,717.34,579.1,48
11.74,717.34,609.6,48
12.14,717.34,609.6,48
12.55,717.34,640.1,48
12.95,717.34,640.1,48
13.35,717.34,640.1,48
13.76,717.34,670.6,48
14.16,717.34,670.6,48
14.57,717.34,670.6,48
14.97,717.34,701.0,48
15.38,717.34,701.0,48
15.78,717.34,701.0,48
16.19,717.34,731.5,48
0.40,739.76,18.3,48
0.81,739.76,18.3,48
1.21,739.76,18.3,48
1.62,739.76,18.3,48
2.02,739.76,18.3,48
2.43,739.76,262.1,48
2.83,739.76,283.5,48
3.24,739.76,304.8,48
3.64,739.76,335.3,48
4.05,739.76,335.3,48
4.45,739.76,365.8,48
4.86,739.76,396.2,48
5.26,739.76,396.2,48
5.67,739.76,426.7,48
6.07,739.76,426.7,48
6.47,739.76,457.2,48
6.88,739.76,457.2,48
7.28,739.76,487.7,48
7.69,739.76,487.7,48
8.09,739.76,518.2,48
8.50,739.76,518.2,48
8.90,739.76,548.6,48
9.31,739.76,548.6,48
9.71,739.76,548.6,48
10.12,739.76,579.1,48
10.52,739.76,579.1,48
10.93,739.76,609.6,48
11.33,739.76,609.6,48
11.74,739.76,640.1,48
12.14,739.76,640.1,48
12.55,739.76,640.1,48
12.95,739.76,670.6,48
13.35,739.76,670.6,48
13.76,739.76,670.6,48
14.16,739.76,701.0,48
14.57,739.76,701.0,48
14.97,739.76,731.5,48
15.38,739.76,731.5,48
15.78,739.76,731.5,48
16.19,739.76,762.0,48
0.40,762.18,18.3,48
0.81,762.18,18.3,48
1.21,762.18,18.3,48
1.62,762.18,18.3,48
2.02,762.18,18.3,48
2.43,762.18,271.3,48
2.83,762.18,292.6,48
3.24,762.18,304.8,48
3.64,762.18,335.3,48
4.05,762.18,365.8,48
4.45,762.18,365.8,48
4.86,762.18,396.2,48
5.26,762.18,426.7,48
5.67,762.18,426.7,48
6.07,762.18,457.2,48
6.47,762.18,457.2,48
6.88,762.18,487.7,48
7.28,762.18,487.7,48
7.69,762.18,518.2,48
8.09,762.18,518.2,48
8.50,762.18,548.6,48
8.90,762.18,548.6,48
9.31,762.18,579.1,48
9.71,762.18,579.1,48
10.12,762.18,579.1,48
10.52,762.18,609.6,48
10.93,762.18,609.6,48
11.33,762.18,640.1,48
11.74,762.18,640.1,48
12.14,762.18,670.6,48
12.55,762.18,670.6,48
12.95,762.18,670.6,48
13.35,762.18,701.0,48
13.76,762.18,701.0,48
14.16,762.18,731.5,48
14.57,762.18,731.5,48
14.97,762.18,731.5,48
15.38,762.18,762.0,48
15.78,762.18,762.0,48
16.19,762.18,762.0,48
0.40,784.60,18.3,48
0.81,784.60,18.3,48
1.21,784.60,18.3,48
1.62,784.60,18.3,48
2.02,784.60,18.3,48
2.43,784.60,280.4,48
2.83,784.60,301.8,48
3.24,784.60,335.3,48
3.64,784.60,335.3,48
4.05,784.60,365.8,48
4.45,784.60,396.2,48
4.86,784.60,396.2,48
5.26,784.60,426.7,48
5.67,784.60,457.2,48
6.07,784.60,457.2,48
6.47,784.60,487.7,48
6.88,784.60,487.7,48
7.28,784.60,518.2,48
7.69,784.60,518.2,48
8.09,784.60,548.6,48
8.50,784.60,548.6,48
8.90,784.60,579.1,48
9.31,784.60,579.1,48
9.71,784.60,609.6,48
10.12,784.60,609.6,48
10.52,784.60,640.1,48
10.93,784.60,640.1,48
11.33,784.60,640.1,48
11.74,784.60,670.6,48
12.14,784.60,670.6,48
12.55,784.60,701.0,48
12.95,784.60,701.0,48
13.35,784.60,731.5,48
13.76,784.60,731.5,48
14.16,784.60,731.5,48
14.57,784.60,762.0,48
14.97,784.60,762.0,48
15.38,784.60,762.0,48
15.78,784.60,792.5,48
16.19,784.60,792.5,48
0.40,807.01,18.3,48
0.81,807.01,18.3,48
1.21,807.01,18.3,48
1.62,807.01,18.3,48
2.02,807.01,18.3,48
2.43,807.01,289.6,48
2.83,807.01,304.8,48
3.24,807.01,335.3,48
3.64,807.01,365.8,48
4.05,807.01,365.8,48
4.45,807.01,396.2,48
4.86,807.01,426.7,48
5.26,807.01,426.7,48
5.67,807.01,457.2,48
6.07,807.01,487.7,48
6.47,807.01,487.7,48
6.88,807.01,518.2,48
7.28,807.01,518.2,48
7.69,807.01,548.6,48
8.09,807.01,548.6,48
8.50,807.01,579.1,48
8.90,807.01,579.1,48
9.31,807.01,609.6,48
9.71,807.01,609.6,48
10.12,807.01,640.1,48
10.52,807.01,640.1,48
10.93,807.01,670.6,48
11.33,807.01,670.6,48
11.74,807.01,701.0,48
12.14,807.01,701.0,48
12.55,807.01,701.0,48
12.95,807.01,731.5,48
13.35,807.01,731.5,48
13.76,807.01,762.0,48
14.16,807.01,762.0,48
14.57,807.01,762.0,48
14.97,807.01,792.5,48
15.38,807.01,792.5,48
15.78,807.01,823.0,48
16.19,807.01,823.0,48
0.40,829.43,18.3,48
0.81,829.43,18.3,48
1.21,829.43,18.3,48
1.62,829.43,18.3,48
2.02,829.43,18.3,48
2.43,829.43,295.7,48
2.83,829.43,335.3,48
3.24,829.43,335.3,48
3.64,829.43,365.8,48
4.05,829.43,396.2,48
4.45,829.43,426.7,48
4.86,829.43,426.7,48
5.26,829.43,457.2,48
5.67,829.43,487.7,48
6.07,829.43,487.7,48
6.47,829.43,518.2,48
6.88,829.43,518.2,48
7.28,829.43,548.6,48
7.69,829.43,548.6,48
8.09,829.43,579.1,48
8.50,829.43,579.1,48
8.90,829.43,609.6,48
9.31,829.43,609.6,48
9.71,829.43,640.1,48
10.12,829.43,640.1,48
10.52,829.43,670.6,48
10.93,829.43,670.6,48
11.33,829.43,701.0,48
11.74,829.43,701.0,48
12.14,829.43,731.5,48
12.55,829.43,731.5,48
12.95,829.43,762.0,48
13.35,829.43,762.0,48
13.76,829.43,762.0,48
14.16,829.43,792.5,48
14.57,829.43,792.5,48
14.97,829.43,823.0,48
15.38,829.43,823.0,48
15.78,829.43,823.0,48
16.19,829.43,853.4,48
0.40,851.85,18.3,48
0.81,851.85,18.3,48
1.21,851.85,18.3,48
1.62,851.85,18.3,48
2.02,851.85,18.3,48
2.43,851.85,304.8,48
2.83,851.85,335.3,48
3.24,851.85,365.8,48
3.64,851.85,365.8,48
4.05,851.85,396.2,48
4.45,851.85,426.7,48
4.86,851.85,457.2,48
5.26,851.85,457.2,48
5.67,851.85,487.7,48
6.07,851.85,518.2,48
6.47,851.85,518.2,48
6.88,851.85,548.6,48
7.28,851.85,548.6,48
7.69,851.85,579.1,48
8.09,851.85,579.1,48
8.50,851.85,609.6,48
8.90,851.85,609.6,48
9.31,851.85,640.1,48
9.71,851.85,640.1,48
10.12,851.85,670.6,48
10.52,851.85,670.6,48
10.93,851.85,701.0,48
11.33,851.85,701.0,48
11.74,851.85,731.5,48
12.14,851.85,731.5,48
12.55,851.85,762.0,48
12.95,851.85,762.0,48
13.35,851.85,792.5,48
13.76,851.85,792.5,48
14.16,851.85,823.0,48
14.57,851.85,823.0,48
14.97,851.85,823.0,48
15.38,851.85,853.4,48
15.78,851.85,853.4,48
16.19,851.85,883.9,48
0.40,874.26,18.3,48
0.81,874.26,18.3,48
1.21,874.26,18.3,48
1.62,874.26,18.3,48
2.02,874.26,18.3,48
2.43,874.26,304.8,48
2.83,874.26,335.3,48
3.24,874.26,365.8,48
3.64,874.26,396.2,48
4.05,874.26,426.7,48
4.45,874.26,426.7,48
4.86,874.26,457.2,48
5.26,874.26,487.7,48
5.67,874.26,487.7,48
6.07,874.26,518.2,48
6.47,874.26,548.6,48
6.88,874.26,548.6,48
7.28,874.26,579.1,48
7.69,874.26,579.1,48
8.09,874.26,609.6,48
8.50,874.26,609.6,48
8.90,874.26,640.1,48
9.31,874.26,670.6,48
9.71,874.26,670.6,48
10.12,874.26,701.0,48
10.52,874.26,701.0,48
10.93,874.26,731.5,48
11.33,874.26,731.5,48
11.74,874.26,762.0,48
12.14,874.26,762.0,48
12.55,874.26,762.0,48
12.95,874.26,792.5,48
13.35,874.26,792.5,48
13.76,874.26,823.0,48
14.16,874.26,823.0,48
14.57,874.26,853.4,48
14.97,874.26,853.4,48
15.38,874.26,883.9,48
15.78,874.26,883.9,48
16.19,874.26,883.9,48
0.40,896.68,18.3,48
0.81,896.68,18.3,48
1.21,896.68,18.3,48
1.62,896.68,18.3,48
2.02,896.68,18.3,48
2.43,896.68,335.3,48
2.83,896.68,335.3,48
3.24,896.68,365.8,48
3.64,896.68,396.2,48
4.05,896.68,426.7,48
4.45,896.68,457.2,48
4.86,896.68,457.2,48
5.26,896.68,487.7,48
5.67,896.68,518.2,48
6.07,896.68,518.2,48
6.47,896.68,548.6,48
6.88,896.68,579.1,48
7.28,896.68,579.1,48
7.69,896.68,609.6,48
8.09,896.68,609.6,48
8.50,896.68,640.1,48
8.90,896.68,670.6,48
9.31,896.68,670.6,48
9.71,896.68,701.0,48
10.12,896.68,701.0,48
10.52,896.68,731.5,48
10.93,896.68,731.5,48
11.33,896.68,762.0,48
11.74,896.68,762.0,48
12.14,896.68,792.5,48
12.55,896.68,792.5,48
12.95,896.68,823.0,48
13.35,896.68,823.0,48
13.76,896.68,853.4,48
14.16,896.68,853.4,48
14.57,896.68,853.4,48
14.97,896.68,883.9,48
15.38,896.68,883.9,48
15.78,896.68,914.4,48
16.19,896.68,914.4,48
0.40,919.10,18.3,48
0.81,919.10,18.3,48
1.21,919.10,18.3,48
1.62,919.10,18.3,48
2.02,919.10,18.3,48
2.43,919.10,335.3,48
2.83,919.10,365.8,48
3.24,919.10,396.2,48
3.64,919.10,396.2,48
4.05,919.10,426.7,48
4.45,919.10,457.2,48
4.86,919.10,487.7,48
5.26,919.10,518.2,48
5.67,919.10,518.2,48
6.07,919.10,548.6,48
6.47,919.10,579.1,48
6.88,919.10,579.1,48
7.28,919.10,609.6,48
7.69,919.10,609.6,48
8.09,919.10,640.1,48
8.50,919.10,670.6,48
8.90,919.10,670.6,48
9.31,919.10,701.0,48
9.71,919.10,701.0,48
10.12,919.10,731.5,48
10.52,919.10,731.5,48
10.93,919.10,762.0,48
11.33,919.10,762.0,48
11.74,919.10,792.5,48
12.14,919.10,792.5,48
12.55,919.10,823.0,48
12.95,919.10,823.0,48
13.35,919.10,853.4,48
13.76,919.10,853.4,48
14.16,919.10,883.9,48
14.57,919.10,883.9,48
14.97,919.10,914.4,48
15.38,919.10,914.4,48
15.78,919.10,914.4,48
16.19,919.10,944.9,48
0.40,941.51,18.3,48
0.81,941.51,18.3,48
1.21,941.51,18.3,48
1.62,941.51,18.3,48
2.02,941.51,18.3,48
2.43,941.51,335.3,48
2.83,941.51,365.8,48
3.24,941.51,396.2,48
3.64,941.51,426.7,48
4.05,941.51,457.2,48
4.45,941.51,457.2,48
4.86,941.51,487.7,48
5.26,941.51,518.2,48
5.67,941.51,548.6,48
6.07,941.51,548.6,48
6.47,941.51,579.1,48
6.88,941.51,609.6,48
7.28,941.51,609.6,48
7.69,941.51,640.1,48
8.09,941.51,640.1,48
8.50,941.51,670.6,48
8.90,941.51,701.0,48
9.31,941.51,701.0,48
9.71,941.51,731.5,48
10.12,941.51,731.5,48
10.52,941.51,762.0,48
10.93,941.51,762.0,48
11.33,941.51,792.5,48
11.74,941.51,792.5,48
12.14,941.51,823.0,48
12.55,941.51,823.0,48
12.95,941.51,853.4,48
13.35,941.51,853.4,48
13.76,941.51,883.9,48
14.16,941.51,883.9,48
14.57,941.51,914.4,48
14.97,941.51,914.4,48
15.38,941.51,944.9,48
15.78,941.51,944.9,48
16.19,941.51,975.4,48
0.40,963.93,18.3,48
0.81,963.93,18.3,48
1.21,963.93,18.3,48
1.62,963.93,18.3,48
2.02,963.93,18.3,48
2.43,963.93,335.3,48
2.83,963.93,365.8,48
3.24,963.93,396.2,48
3.64,963.93,426.7,48
4.05,963.93,457.2,48
4.45,963.93,487.7,48
4.86,963.93,518.2,48
5.26,963.93,518.2,48
5.67,963.93,548.6,48
6.07,963.93,579.1,48
6.47,963.93,579.1,48
6.88,963.93,609.6,48
7.28,963.93,640.1,48
7.69,963.93,640.1,48
8.09,963.93,670.6,48
8.50,963.93,701.0,48
8.90,963.93,701.0,48
9.31,963.93,731.5,48
9.71,963.93,731.5,48
10.12,963.93,762.0,48
10.52,963.93,762.0,48
10.93,963.93,792.5,48
11.33,963.93,792.5,48
11.74,963.93,823.0,48
12.14,963.93,853.4,48
12.55,963.93,853.4,48
12.95,963.93,883.9,48
13.35,963.93,883.9,48
13.76,963.93,914.4,48
14.16,963.93,914.4,48
14.57,963.93,944.9,48
14.97,963.93,944.9,48
15.38,963.93,944.9,48
15.78,963.93,975.4,48
16.19,963.93,975.4,48
0.40,986.35,18.3,48
0.81,986.35,18.3,48
1.21,986.35,18.3,48
1.62,986.35,18.3,48
2.02,986.35,18.3,48
2.43,986.35,365.8,48
2.83,986.35,396.2,48
3.24,986.35,426.7,48
3.64,986.35,426.7,48
4.05,986.35,457.2,48
4.45,986.35,487.7,48
4.86,986.35,518.2,48
5.26,986.35,548.6,48
5.67,986.35,548.6,48
6.07,986.35,579.1,48
6.47,986.35,609.6,48
6.88,986.35,640.1,48
7.28,986.35,640.1,48
7.69,986.35,670.6,48
8.09,986.35,670.6,48
8.50,986.35,701.0,48
8.90,986.35,731.5,48
9.31,986.35,731.5,48
9.71,986.35,762.0,48
10.12,986.35,762.0,48
10.52,986.35,792.5,48
10.93,986.35,823.0,48
11.33,986.35,823.0,48
11.74,986.35,853.4,48
12.14,986.35,853.4,48
12.55,986.35,883.9,48
12.95,986.35,883.9,48
13.35,986.35,914.4,48
13.76,986.35,914.4,48
14.16,986.35,944.9,48
14.57,986.35,944.9,48
14.97,986.35,975.4,48
15.38,986.35,975.4,48
15.78,986.35,1005.8,48
16.19,986.35,1005.8,48
0.40,1008.77,18.3,48
0.81,1008.77,18.3,48
1.21,1008.77,18.3,48
1.62,1008.77,18.3,48
2.02,1008.77,18.3,48
2.43,1008.77,365.8,48
2.83,1008.77,396.2,48
3.24,1008.77,426.7,48
3.64,1008.77,457.2,48
4.05,1008.77,487.7,48
4.45,1008.77,487.7,48
4.86,1008.77,518.2,48
5.26,1008.77,548.6,48
5.67,1008.77,579.1,48
6.07,1008.77,609.6,48
6.47,1008.77,609.6,48
6.88,1008.77,640.1,48
7.28,1008.77,670.6,48
7.69,1008.77,670.6,48
8.09,1008.77,701.0,48
8.50,1008.77,731.5,48
8.90,1008.77,731.5,48
9.31,1008.77,762.0,48
9.71,1008.77,762.0,48
10.12,1008.77,792.5,48
10.52,1008.77,823.0,48
10.93,1008.77,823.0,48
11.33,1008.77,853.4,48
11.74,1008.77,853.4,48
12.14,1008.77,883.9,48
12.55,1008.77,883.9,48
12.95,1008.77,914.4,48
13.35,1008.77,914.4,48
13.76,1008.77,944.9,48
14.16,1008.77,944.9,48
14.57,1008.77,975.4,48
14.97,1008.77,975.4,48
15.38,1008.77,1005.8,48
15.78,1008.77,1005.8,48
16.19,1008.77,1036.3,48
0.40,1031.18,18.3,48
0.81,1031.18,18.3,48
1.21,1031.18,18.3,48
1.62,1031.18,18.3,48
2.02,1031.18,18.3,48
2.43,1031.18,365.8,48
2.83,1031.18,396.2,48
3.24,1031.18,426.7,48
3.64,1031.18,457.2,48
4.05,1031.18,487.7,48
4.45,1031.18,518.2,48
4.86,1031.18,548.6,48
5.26,1031.18,579.1,48
5.67,1031.18,579.1,48
6.07,1031.18,609.6,48
6.47,1031.18,640.1,48
6.88,1031.18,640.1,48
7.28,1031.18,670.6,48
7.69,1031.18,701.0,48
8.09,1031.18,701.0,48
8.50,1031.18,731.5,48
8.90,1031.18,762.0,48
9.31,1031.18,762.0,48
9.71,1031.18,792.5,48
10.12,1031.18,823.0,48
10.52,1031.18,823.0,48
10.93,1031.18,853.4,48
11.33,1031.18,853.4,48
11.74,1031.18,883.9,48
12.14,1031.18,883.9,48
12.55,1031.18,914.4,48
12.95,1031.18,914.4,48
13.35,1031.18,944.9,48
13.76,1031.18,975.4,48
14.16,1031.18,975.4,48
14.57,1031.18,1005.8,48
14.97,1031.18,1005.8,48
15.38,1031.18,1036.3,48
15.78,1031.18,1036.3,48
16.19,1031.18,1036.3,48
0.40,1053.60,18.3,48
0.81,1053.60,18.3,48
1.21,1053.60,18.3,48
1.62,1053.60,18.3,48
2.02,1053.60,18.3,48
2.43,1053.60,365.8,48
2.83,1053.60,396.2,48
3.24,1053.60,426.7,48
3.64,1053.60,457.2,48
4.05,1053.60,487.7,48
4.45,1053.60,518.2,48
4.86,1053.60,548.6,48
5.26,1053.60,579.1,48
5.67,1053.60,609.6,48
6.07,1053.60,609.6,48
6.47,1053.60,640.1,48
6.88,1053.60,670.6,48
7.28,1053.60,701.0,48
7.69,1053.60,701.0,48
8.09,1053.60,731.5,48
8.50,1053.60,762.0,48
8.90,1053.60,762.0,48
9.31,1053.60,792.5,48
9.71,1053.60,792.5,48
10.12,1053.60,823.0,48
10.52,1053.60,853.4,48
10.93,1053.60,853.4,48
11.33,1053.60,883.9,48
11.74,1053.60,883.9,48
12.14,1053.60,914.4,48
12.55,1053.60,944.9,48
12.95,1053.60,944.9,48
13.35,1053.60,975.4,48
13.76,1053.60,975.4,48
14.16,1053.60,1005.8,48
14.57,1053.60,1005.8,48
14.97,1053.60,1036.3,48
15.38,1053.60,1036.3,48
15.78,1053.60,1066.8,48
16.19,1053.60,1066.8,48
0.40,1076.02,137.2,48
0.81,1076.02,201.2,48
1.21,1076.02,259.1,48
1.62,1076.02,304.8,48
2.02,1076.02,365.8,48
2.43,1076.02,396.2,48
2.83,1076.02,426.7,48
3.24,1076.02,457.2,48
3.64,1076.02,487.7,48
4.05,1076.02,518.2,48
4.45,1076.02,548.6,48
4.86,1076.02,548.6,48
5.26,1076.02,579.1,48
5.67,1076.02,609.6,48
6.07,1076.02,640.1,48
6.47,1076.02,670.6,48
6.88,1076.02,670.6,48
7.28,1076.02,701.0,48
7.69,1076.02,731.5,48
8.09,1076.02,731.5,48
8.50,1076.02,762.0,48
8.90,1076.02,792.5,48
9.31,1076.02,792.5,48
9.71,1076.02,823.0,48
10.12,1076.02,853.4,48
10.52,1076.02,853.4,48
10.93,1076.02,883.9,48
11.33,1076.02,883.9,48
11.74,1076.02,914.4,48
12.14,1076.02,944.9,48
12.55,1076.02,944.9,48
12.95,1076.02,975.4,48
13.35,1076.02,975.4,48
13.76,1076.02,1005.8,48
14.16,1076.02,1005.8,48
14.57,1076.02,1036.3,48
14.97,1076.02,1036.3,48
15.38,1076.02,1066.8,48
15.78,1076.02,1066.8,48
16.19,1076.02,1097.3,48
0.40,1120.85,140.2,48
0.81,1120.85,204.2,48
1.21,1120.85,265.2,48
1.62,1120.85,304.8,48
2.02,1120.85,365.8,48
2.43,1120.85,396.2,48
2.83,1120.85,426.7,48
3.24,1120.85,457.2,48
3.64,1120.85,487.7,48
4.05,1120.85,518.2,48
4.45,1120.85,548.6,48
4.86,1120.85,579.1,48
5.26,1120.85,609.6,48
5.67,1120.85,609.6,48
6.07,1120.85,640.1,48
6.47,1120.85,670.6,48
6.88,1120.85,701.0,48
7.28,1120.85,701.0,48
7.69,1120.85,731.5,48
8.09,1120.85,762.0,48
8.50,1120.85,792.5,48
8.90,1120.85,792.5,48
9.31,1120.85,823.0,48
9.71,1120.85,823.0,48
10.12,1120.85,853.4,48
10.52,1120.85,883.9,48
10.93,1120.85,883.9,48
11.33,1120.85,914.4,48
11.74,1120.85,944.9,48
12.14,1120.85,944.9,48
12.55,1120.85,975.4,48
12.95,1120.85,975.4,48
13.35,1120.85,1005.8,48
13.76,1120.85,1005.8,48
14.16,1120.85,1036.3,48
14.57,1120.85,1036.3,48
14.97,1120.85,1066.8,48
15.38,1120.85,1097.3,48
15.78,1120.85,1097.3,48
16.19,1120.85,1127.8,48
0.40,1143.27,146.3,48
0.81,1143.27,210.3,48
1.21,1143.27,274.3,48
1.62,1143.27,335.3,48
2.02,1143.27,365.8,48
2.43,1143.27,396.2,48
2.83,1143.27,426.7,48
3.24,1143.27,487.7,48
3.64,1143.27,518.2,48
4.05,1143.27,548.6,48
4.45,1143.27,579.1,48
4.86,1143.27,579.1,48
5.26,1143.27,609.6,48
5.67,1143.27,640.1,48
6.07,1143.27,670.6,48
6.47,1143.27,701.0,48
6.88,1143.27,731.5,48
7.28,1143.27,731.5,48
7.69,1143.27,762.0,48
8.09,1143.27,792.5,48
8.50,1143.27,792.5,48
8.90,1143.27,823.0,48
9.31,1143.27,853.4,48
9.71,1143.27,853.4,48
10.12,1143.27,883.9,48
10.52,1143.27,914.4,48
10.93,1143.27,914.4,48
11.33,1143.27,944.9,48
11.74,1143.27,975.4,48
12.14,1143.27,975.4,48
12.55,1143.27,1005.8,48
12.95,1143.27,1005.8,48
13.35,1143.27,1036.3,48
13.76,1143.27,1066.8,48
14.16,1143.27,1066.8,48
14.57,1143.27,1097.3,48
14.97,1143.27,1097.3,48
15.38,1143.27,1127.8,48
15.78,1143.27,1127.8,48
16.19,1143.27,1158.2,48
0.40,1165.68,149.4,48
0.81,1165.68,216.4,48
1.21,1165.68,280.4,48
1.62,1165.68,335.3,48
2.02,1165.68,365.8,48
2.43,1165.68,426.7,48
2.83,1165.68,457.2,48
3.24,1165.68,487.7,48
3.64,1165.68,518.2,48
4.05,1165.68,548.6,48
4.45,1165.68,579.1,48
4.86,1165.68,609.6,48
5.26,1165.68,640.1,48
5.67,1165.68,670.6,48
6.07,1165.68,670.6,48
6.47,1165.68,701.0,48
6.88,1165.68,731.5,48
7.28,1165.68,762.0,48
7.69,1165.68,762.0,48
8.09,1165.68,792.5,48
8.50,1165.68,823.0,48
8.90,1165.68,853.4,48
9.31,1165.68,853.4,48
9.71,1165.68,883.9,48
10.12,1165.68,914.4,48
10.52,1165.68,914.4,48
10.93,1165.68,944.9,48
11.33,1165.68,975.4,48
11.74,1165.68,975.4,48
12.14,1165.68,1005.8,48
12.55,1165.68,1005.8,48
12.95,1165.68,1036.3,48
13.35,1165.68,1066.8,48
13.76,1165.68,1066.8,48
14.16,1165.68,1097.3,48
14.57,1165.68,1097.3,48
14.97,1165.68,1127.8,48
15.38,1165.68,1127.8,48
15.78,1165.68,1158.2,48
16.19,1165.68,1188.7,48
0.40,1188.10,152.4,48
0.81,1188.10,219.5,48
1.21,1188.10,283.5,48
1.62,1188.10,335.3,48
2.02,1188.10,396.2,48
2.43,1188.10,426.7,48
2.83,1188.10,457.2,48
3.24,1188.10,487.7,48
3.64,1188.10,518.2,48
4.05,1188.10,548.6,48
4.45,1188.10,579.1,48
4.86,1188.10,609.6,48
5.26,1188.10,640.1,48
5.67,1188.10,670.6,48
6.07,1188.10,701.0,48
6.47,1188.10,731.5,48
6.88,1188.10,731.5,48
7.28,1188.10,762.0,48
7.69,1188.10,792.5,48
8.09,1188.10,823.0,48
8.50,1188.10,823.0,48
8.90,1188.10,853.4,48
9.31,1188.10,883.9,48
9.71,1188.10,883.9,48
10.12,1188.10,914.4,48
10.52,1188.10,944.9,48
10.93,1188.10,944.9,48
11.33,1188.10,975.4,48
11.74,1188.10,1005.8,48
12.14,1188.10,1005.8,48
12.55,1188.10,1036.3,48
12.95,1188.10,1066.8,48
13.35,1188.10,1066.8,48
13.76,1188.10,1097.3,48
14.16,1188.10,1097.3,48
14.57,1188.10,1127.8,48
14.97,1188.10,1158.2,48
15.38,1188.10,1158.2,48
15.78,1188.10,1188.7,48
16.19,1188.10,1188.7,48
0.40,1210.52,152.4,48
0.81,1210.52,222.5,48
1.21,1210.52,289.6,48
1.62,1210.52,335.3,48
2.02,1210.52,396.2,48
2.43,1210.52,426.7,48
2.83,1210.52,457.2,48
3.24,1210.52,487.7,48
3.64,1210.52,518.2,48
4.05,1210.52,548.6,48
4.45,1210.52,579.1,48
4.86,1210.52,609.6,48
5.26,1210.52,640.1,48
5.67,1210.52,670.6,48
6.07,1210.52,701.0,48
6.47,1210.52,731.5,48
6.88,1210.52,762.0,48
7.28,1210.52,792.5,48
7.69,1210.52,792.5,48
8.09,1210.52,823.0,48
8.50,1210.52,853.4,48
8.90,1210.52,883.9,48
9.31,1210.52,883.9,48
9.71,1210.52,914.4,48
10.12,1210.52,944.9,48
10.52,1210.52,944.9,48
10.93,1210.52,975.4,48
11.33,1210.52,1005.8,48
11.74,1210.52,1005.8,48
12.14,1210.52,1036.3,48
12.55,1210.52,1066.8,48
12.95,1210.52,1066.8,48
13.35,1210.52,1097.3,48
13.76,1210.52,1097.3,48
14.16,1210.52,1127.8,48
14.57,1210.52,1158.2,48
14.97,1210.52,1158.2,48
15.38,1210.52,1188.7,48
15.78,1210.52,1188.7,48
16.19,1210.52,1219.2,48
0.40,1232.94,155.4,48
0.81,1232.94,225.6,48
1.21,1232.94,292.6,48
1.62,1232.94,365.8,48
2.02,1232.94,396.2,48
2.43,1232.94,426.7,48
2.83,1232.94,457.2,48
3.24,1232.94,518.2,48
3.64,1232.94,548.6,48
4.05,1232.94,579.1,48
4.45,1232.94,609.6,48
4.86,1232.94,640.1,48
5.26,1232.94,670.6,48
5.67,1232.94,701.0,48
6.07,1232.94,731.5,48
6.47,1232.94,731.5,48
6.88,1232.94,762.0,48
7.28,1232.94,792.5,48
7.69,1232.94,823.0,48
8.09,1232.94,853.4,48
8.50,1232.94,853.4,48
8.90,1232.94,883.9,48
9.31,1232.94,914.4,48
9.71,1232.94,914.4,48
10.12,1232.94,944.9,48
10.52,1232.94,975.4,48
10.93,1232.94,1005.8,48
11.33,1232.94,1005.8,48
11.74,1232.94,1036.3,48
12.14,1232.94,1066.8,48
12.55,1232.94,1066.8,48
12.95,1232.94,1097.3,48
13.35,1232.94,1097.3,48
13.76,1232.94,1127.8,48
14.16,1232.94,1158.2,48
14.57,1232.94,1158.2,48
14.97,1232.94,1188.7,48
15.38,1232.94,1188.7,48
15.78,1232.94,1219.2,48
16.19,1232.94,1249.7,48
0.40,1255.35,158.5,48
0.81,1255.35,231.6,48
1.21,1255.35,298.7,48
1.62,1255.35,365.8,48
2.02,1255.35,396.2,48
2.43,1255.35,457.2,48
2.83,1255.35,487.7,48
3.24,1255.35,518.2,48
3.64,1255.35,548.6,48
4.05,1255.35,579.1,48
4.45,1255.35,609.6,48
4.86,1255.35,640.1,48
5.26,1255.35,670.6,48
5.67,1255.35,701.0,48
6.07,1255.35,731.5,48
6.47,1255.35,762.0,48
6.88,1255.35,792.5,48
7.28,1255.35,792.5,48
7.69,1255.35,823.0,48
8.09,1255.35,853.4,48
8.50,1255.35,883.9,48
8.90,1255.35,883.9,48
9.31,1255.35,914.4,48
9.71,1255.35,944.9,48
10.12,1255.35,975.4,48
10.52,1255.35,975.4,48
10.93,1255.35,1005.8,48
11.33,1255.35,1036.3,48
11.74,1255.35,1036.3,48
12.14,1255.35,1066.8,48
12.55,1255.35,1097.3,48
12.95,1255.35,1097.3,48
13.35,1255.35,1127.8,48
13.76,1255.35,1158.2,48
14.16,1255.35,1158.2,48
14.57,1255.35,1188.7,48
14.97,1255.35,1188.7,48
15.38,1255.35,1219.2,48
15.78,1255.35,1249.7,48
16.19,1255.35,1249.7,48
0.40,1277.77,161.5,48
0.81,1277.77,234.7,48
1.21,1277.77,301.8,48
1.62,1277.77,365.8,48
2.02,1277.77,396.2,48
2.43,1277.77,457.2,48
2.83,1277.77,487.7,48
3.24,1277.77,518.2,48
3.64,1277.77,548.6,48
4.05,1277.77,579.1,48
4.45,1277.77,609.6,48
4.86,1277.77,640.1,48
5.26,1277.77,670.6,48
5.67,1277.77,701.0,48
6.07,1277.77,731.5,48
6.47,1277.77,762.0,48
6.88,1277.77,792.5,48
7.28,1277.77,823.0,48
7.69,1277.77,853.4,48
8.09,1277.77,853.4,48
8.50,1277.77,883.9,48
8.90,1277.77,914.4,48
9.31,1277.77,944.9,48
9.71,1277.77,944.9,48
10.12,1277.77,975.4,48
10.52,1277.77,1005.8,48
10.93,1277.77,1036.3,48
11.33,1277.77,1036.3,48
11.74,1277.77,1066.8,48
12.14,1277.77,1097.3,48
12.55,1277.77,1097.3,48
12.95,1277.77,1127.8,48
13.35,1277.77,1158.2,48
13.76,1277.77,1158.2,48
14.16,1277.77,1188.7,48
14.57,1277.77,1188.7,48
14.97,1277.77,1219.2,48
15.38,1277.77,1249.7,48
15.78,1277.77,1249.7,48
16.19,1277.77,1280.2,48
0.40,1300.19,164.6,48
0.81,1300.19,237.7,48
1.21,1300.19,304.8,48
1.62,1300.19,365.8,48
2.02,1300.19,426.7,48
2.43,1300.19,457.2,48
2.83,1300.19,487.7,48
3.24,1300.19,518.2,48
3.64,1300.19,579.1,48
4.05,1300.19,609.6,48
4.45,1300.19,640.1,48
4.86,1300.19,670.6,48
5.26,1300.19,701.0,48
5.67,1300.19,731.5,48
6.07,1300.19,762.0,48
6.47,1300.19,792.5,48
6.88,1300.19,792.5,48
7.28,1300.19,823.0,48
7.69,1300.19,853.4,48
8.09,1300.19,883.9,48
8.50,1300.19,914.4,48
8.90,1300.19,914.4,48
9.31,1300.19,944.9,48
9.71,1300.19,975.4,48
10.12,1300.19,1005.8,48
10.52,1300.19,1005.8,48
10.93,1300.19,1036.3,48
11.33,1300.19,1066.8,48
11.74,1300.19,1066.8,48
12.14,1300.19,1097.3,48
12.55,1300.19,1127.8,48
12.95,1300.19,1127.8,48
13.35,1300.19,1158.2,48
13.76,1300.19,1188.7,48
14.16,1300.19,1188.7,48
14.57,1300.19,1219.2,48
14.97,1300.19,1249.7,48
15.38,1300.19,1249.7,48
15.78,1300.19,1280.2,48
16.19,1300.19,1280.2,48
0.40,1322.60,167.6,48
0.81,1322.60,240.8,48
1.21,1322.60,304.8,48
1.62,1322.60,365.8,48
2.02,1322.60,426.7,48
2.43,1322.60,457.2,48
2.83,1322.60,487.7,48
3.24,1322.60,548.6,48
3.64,1322.60,579.1,48
4.05,1322.60,609.6,48
4.45,1322.60,640.1,48
4.86,1322.60,670.6,48
5.26,1322.60,701.0,48
5.67,1322.60,731.5,48
6.07,1322.60,762.0,48
6.47,1322.60,792.5,48
6.88,1322.60,823.0,48
7.28,1322.60,853.4,48
7.69,1322.60,853.4,48
8.09,1322.60,883.9,48
8.50,1322.60,914.4,48
8.90,1322.60,944.9,48
9.31,1322.60,975.4,48
9.71,1322.60,975.4,48
10.12,1322.60,1005.8,48
10.52,1322.60,1036.3,48
10.93,1322.60,1066.8,48
11.33,1322.60,1066.8,48
11.74,1322.60,1097.3,48
12.14,1322.60,1127.8,48
12.55,1322.60,1127.8,48
12.95,1322.60,1158.2,48
13.35,1322.60,1188.7,48
13.76,1322.60,1188.7,48
14.16,1322.60,1219.2,48
14.57,1322.60,1249.7,48
14.97,1322.60,1249.7,48
15.38,1322.60,1280.2,48
15.78,1322.60,1280.2,48
16.19,1322.60,1310.6,48
0.40,1345.02,167.6,48
0.81,1345.02,243.8,48
1.21,1345.02,304.8,48
1.62,1345.02,365.8,48
2.02,1345.02,426.7,48
2.43,1345.02,457.2,48
2.83,1345.02,518.2,48
3.24,1345.02,548.6,48
3.64,1345.02,579.1,48
4.05,1345.02,609.6,48
4.45,1345.02,640.1,48
4.86,1345.02,670.6,48
5.26,1345.02,701.0,48
5.67,1345.02,731.5,48
6.07,1345.02,762.0,48
6.47,1345.02,792.5,48
6.88,1345.02,823.0,48
7.28,1345.02,853.4,48
7.69,1345.02,883.9,48
8.09,1345.02,914.4,48
8.50,1345.02,914.4,48
8.90,1345.02,944.9,48
9.31,1345.02,975.4,48
9.71,1345.02,1005.8,48
10.12,1345.02,1036.3,48
10.52,1345.02,1036.3,48
10.93,1345.02,1066.8,48
11.33,1345.02,1097.3,48
11.74,1345.02,1097.3,48
12.14,1345.02,1127.8,48
12.55,1345.02,1158.2,48
12.95,1345.02,1188.7,48
13.35,1345.02,1188.7,48
13.76,1345.02,1219.2,48
14.16,1345.02,1249.7,48
14.57,1345.02,1249.7,48
14.97,1345.02,1280.2,48
15.38,1345.02,1280.2,48
15.78,1345.02,1310.6,48
16.19,1345.02,1341.1,48
0.40,1367.44,170.7,48
0.81,1367.44,246.9,48
1.21,1367.44,335.3,48
1.62,1367.44,396.2,48
2.02,1367.44,426.7,48
2.43,1367.44,487.7,48
2.83,1367.44,518.2,48
3.24,1367.44,548.6,48
3.64,1367.44,579.1,48
4.05,1367.44,640.1,48
4.45,1367.44,670.6,48
4.86,1367.44,701.0,48
5.26,1367.44,731.5,48
5.67,1367.44,762.0,48
6.07,1367.44,792.5,48
6.47,1367.44,823.0,48
6.88,1367.44,853.4,48
7.28,1367.44,853.4,48
7.69,1367.44,883.9,48
8.09,1367.44,914.4,48
8.50,1367.44,944.9,48
8.90,1367.44,975.4,48
9.31,1367.44,975.4,48
9.71,1367.44,1005.8,48
10.12,1367.44,1036.3,48
10.52,1367.44,1066.8,48
10.93,1367.44,1097.3,48
11.33,1367.44,1097.3,48
11.74,1367.44,1127.8,48
12.14,1367.44,1158.2,48
12.55,1367.44,1158.2,48
12.95,1367.44,1188.7,48
13.35,1367.44,1219.2,48
13.76,1367.44,1219.2,48
14.16,1367.44,1249.7,48
14.57,1367.44,1280.2,48
14.97,1367.44,1280.2,48
15.38,1367.44,1310.6,48
15.78,1367.44,1341.1,48
16.19,1367.44,1341.1,48
0.40,1389.85,173.7,48
0.81,1389.85,249.9,48
1.21,1389.85,335.3,48
1.62,1389.85,396.2,48
2.02,1389.85,426.7,48
2.43,1389.85,487.7,48
2.83,1389.85,518.2,48
3.24,1389.85,548.6,48
3.64,1389.85,609.6,48
4.05,1389.85,640.1,48
4.45,1389.85,670.6,48
4.86,1389.85,701.0,48
5.26,1389.85,731.5,48
5.67,1389.85,762.0,48
6.07,1389.85,792.5,48
6.47,1389.85,823.0,48
6.88,1389.85,853.4,48
7.28,1389.85,883.9,48
7.69,1389.85,914.4,48
8.09,1389.85,914.4,48
8.50,1389.85,944.9,48
8.90,1389.85,975.4,48
9.31,1389.85,1005.8,48
9.71,1389.85,1036.3,48
10.12,1389.85,1036.3,48
10.52,1389.85,1066.8,48
10.93,1389.85,1097.3,48
11.33,1389.85,1127.8,48
11.74,1389.85,1127.8,48
12.14,1389.85,1158.2,48
12.55,1389.85,1188.7,48
12.95,1389.85,1219.2,48
13.35,1389.85,1219.2,48
13.76,1389.85,1249.7,48
14.16,1389.85,1280.2,48
14.57,1389.85,1280.2,48
14.97,1389.85,1310.6,48
15.38,1389.85,1341.1,48
15.78,1389.85,1341.1,48
16.19,1389.85,1371.6,48
0.40,1412.27,176.8,48
0.81,1412.27,256.0,48
1.21,1412.27,335.3,48
1.62,1412.27,396.2,48
2.02,1412.27,457.2,48
2.43,1412.27,487.7,48
2.83,1412.27,518.2,48
3.24,1412.27,579.1,48
3.64,1412.27,609.6,48
4.05,1412.27,640.1,48
4.45,1412.27,670.6,48
4.86,1412.27,701.0,48
5.26,1412.27,731.5,48
5.67,1412.27,762.0,48
6.07,1412.27,792.5,48
6.47,1412.27,823.0,48
6.88,1412.27,853.4,48
7.28,1412.27,883.9,48
7.69,1412.27,914.4,48
8.09,1412.27,944.9,48
8.50,1412.27,975.4,48
8.90,1412.27,1005.8,48
9.31,1412.27,1005.8,48
9.71,1412.27,1036.3,48
10.12,1412.27,1066.8,48
10.52,1412.27,1097.3,48
10.93,1412.27,1097.3,48
11.33,1412.27,1127.8,48
11.74,1412.27,1158.2,48
12.14,1412.27,1188.7,48
12.55,1412.27,1188.7,48
12.95,1412.27,1219.2,48
13.35,1412.27,1249.7,48
13.76,1412.27,1249.7,48
14.16,1412.27,1280.2,48
14.57,1412.27,1310.6,48
14.97,1412.27,1310.6,48
15.38,1412.27,1341.1,48
15.78,1412.27,1371.6,48
16.19,1412.27,1371.6,48
0.40,1434.69,176.8,48
0.81,1434.69,259.1,48
1.21,1434.69,335.3,48
1.62,1434.69,396.2,48
2.02,1434.69,457.2,48
2.43,1434.69,487.7,48
2.83,1434.69,548.6,48
3.24,1434.69,579.1,48
3.64,1434.69,609.6,48
4.05,1434.69,640.1,48
4.45,1434.69,701.0,48
4.86,1434.69,731.5,48
5.26,1434.69,762.0,48
5.67,1434.69,792.5,48
6.07,1434.69,823.0,48
6.47,1434.69,853.4,48
6.88,1434.69,883.9,48
7.28,1434.69,914.4,48
7.69,1434.69,914.4,48
8.09,1434.69,944.9,48
8.50,1434.69,975.4,48
8.90,1434.69,1005.8,48
9.31,1434.69,1036.3,48
9.71,1434.69,1066.8,48
10.12,1434.69,1066.8,48
10.52,1434.69,1097.3,48
10.93,1434.69,1127.8,48
11.33,1434.69,1158.2,48
11.74,1434.69,1158.2,48
12.14,1434.69,1188.7,48
12.55,1434.69,1219.2,48
12.95,1434.69,1249.7,48
13.35,1434.69,1249.7,48
13.76,1434.69,1280.2,48
14.16,1434.69,1310.6,48
14.57,1434.69,1310.6,48
14.97,1434.69,1341.1,48
15.38,1434.69,1371.6,48
15.78,1434.69,1371.6,48
16.19,1434.69,1402.1,48
